{"v":"5.2.1","fr":30,"ip":0,"op":120,"w":300,"h":300,"nm":"Lottie-加热中","ddd":0,"assets":[],"layers":[{"ddd":0,"ind":1,"ty":4,"nm":"“Lottie用的圆”轮廓","sr":1,"ks":{"o":{"a":0,"k":100,"ix":11},"r":{"a":1,"k":[{"i":{"x":[0.833],"y":[0.833]},"o":{"x":[0.167],"y":[0.167]},"n":["0p833_0p833_0p167_0p167"],"t":0,"s":[0],"e":[360]},{"t":120}],"ix":10},"p":{"a":0,"k":[150,150,0],"ix":2},"a":{"a":0,"k":[121,120.074,0],"ix":1},"s":{"a":0,"k":[100,100,100],"ix":6}},"ao":0,"shapes":[{"ty":"gr","it":[{"ind":0,"ty":"sh","ix":1,"ks":{"a":0,"k":{"i":[[2.089,1.691],[-41.708,51.505],[-51.505,-41.708],[-1.945,-1.8],[40.016,-49.416],[-46.015,-42.56]],"o":[[-51.505,-41.708],[41.707,-51.505],[2.088,1.692],[-51.196,-36.161],[-40.016,49.415],[-2.164,-1.529]],"v":[[-56.301,104.216],[-74.04,-64.56],[94.736,-82.299],[100.787,-77.06],[-61.606,-54.491],[-49.919,109.047]],"c":true},"ix":2},"nm":"路径 1","mn":"ADBE Vector Shape - Group","hd":false},{"ty":"fl","c":{"a":0,"k":[1,0.666999966491,0.063000002094,1],"ix":4},"o":{"a":0,"k":100,"ix":5},"r":1,"nm":"填充 1","mn":"ADBE Vector Graphic - Fill","hd":false},{"ty":"tr","p":{"a":0,"k":[101.52,109.368],"ix":2},"a":{"a":0,"k":[0,0],"ix":1},"s":{"a":0,"k":[100,100],"ix":3},"r":{"a":0,"k":0,"ix":6},"o":{"a":0,"k":30,"ix":7},"sk":{"a":0,"k":0,"ix":4},"sa":{"a":0,"k":0,"ix":5},"nm":"变换"}],"nm":"组 1","np":2,"cix":2,"ix":1,"mn":"ADBE Vector Group","hd":false},{"ty":"gr","it":[{"ind":0,"ty":"sh","ix":1,"ks":{"a":0,"k":{"i":[[-61.867,10.058],[2.619,-0.605],[14.908,64.575],[-64.576,14.908],[-2.616,0.425],[-14.304,-61.956]],"o":[[-2.537,0.764],[-64.577,14.908],[-14.909,-64.576],[2.62,-0.604],[-60.015,18.081],[14.303,61.956]],"v":[[77.378,114.09],[69.643,116.145],[-74.276,26.215],[15.654,-117.704],[23.508,-119.248],[-58.686,22.615]],"c":true},"ix":2},"nm":"路径 1","mn":"ADBE Vector Shape - Group","hd":false},{"ty":"fl","c":{"a":0,"k":[1,0.666999966491,0.063000002094,1],"ix":4},"o":{"a":0,"k":100,"ix":5},"r":1,"nm":"填充 1","mn":"ADBE Vector Graphic - Fill","hd":false},{"ty":"tr","p":{"a":0,"k":[78.32,120.644],"ix":2},"a":{"a":0,"k":[0,0],"ix":1},"s":{"a":0,"k":[100,100],"ix":3},"r":{"a":0,"k":0,"ix":6},"o":{"a":0,"k":30,"ix":7},"sk":{"a":0,"k":0,"ix":4},"sa":{"a":0,"k":0,"ix":5},"nm":"变换"}],"nm":"组 2","np":2,"cix":2,"ix":2,"mn":"ADBE Vector Group","hd":false},{"ty":"gr","it":[{"ind":0,"ty":"sh","ix":1,"ks":{"a":0,"k":{"i":[[-31.118,54.409],[1.178,-2.417],[59.566,29.052],[-29.053,59.567],[-1.316,2.3],[-57.151,-27.875]],"o":[[-1.003,2.453],[-29.053,59.566],[-59.567,-29.053],[1.178,-2.416],[-23.718,58.019],[57.151,27.874]],"v":[[115.577,15.125],[112.306,22.432],[-48.154,77.681],[-103.405,-82.779],[-99.662,-89.854],[-41.14,63.301]],"c":true},"ix":2},"nm":"路径 1","mn":"ADBE Vector Shape - Group","hd":false},{"ty":"fl","c":{"a":0,"k":[1,0.666999966491,0.063000002094,1],"ix":4},"o":{"a":0,"k":100,"ix":5},"r":1,"nm":"填充 1","mn":"ADBE Vector Graphic - Fill","hd":false},{"ty":"tr","p":{"a":0,"k":[116.8,150.294],"ix":2},"a":{"a":0,"k":[0,0],"ix":1},"s":{"a":0,"k":[100,100],"ix":3},"r":{"a":0,"k":0,"ix":6},"o":{"a":0,"k":30,"ix":7},"sk":{"a":0,"k":0,"ix":4},"sa":{"a":0,"k":0,"ix":5},"nm":"变换"}],"nm":"组 3","np":2,"cix":2,"ix":3,"mn":"ADBE Vector Group","hd":false},{"ty":"gr","it":[{"ind":0,"ty":"sh","ix":1,"ks":{"a":0,"k":{"i":[[23.718,58.019],[-1.179,-2.416],[59.568,-29.052],[29.052,59.566],[1.003,2.453],[-57.151,27.874]],"o":[[1.315,2.3],[29.053,59.567],[-59.566,29.052],[-1.179,-2.416],[31.118,54.41],[57.15,-27.875]],"v":[[99.662,-89.854],[103.405,-82.779],[48.154,77.681],[-112.305,22.431],[-115.577,15.125],[41.141,63.301]],"c":true},"ix":2},"nm":"路径 1","mn":"ADBE Vector Shape - Group","hd":false},{"ty":"fl","c":{"a":0,"k":[1,0.666999966491,0.063000002094,1],"ix":4},"o":{"a":0,"k":100,"ix":5},"r":1,"nm":"填充 1","mn":"ADBE Vector Graphic - Fill","hd":false},{"ty":"tr","p":{"a":0,"k":[125.199,150.295],"ix":2},"a":{"a":0,"k":[0,0],"ix":1},"s":{"a":0,"k":[100,100],"ix":3},"r":{"a":0,"k":0,"ix":6},"o":{"a":0,"k":30,"ix":7},"sk":{"a":0,"k":0,"ix":4},"sa":{"a":0,"k":0,"ix":5},"nm":"变换"}],"nm":"组 4","np":2,"cix":2,"ix":4,"mn":"ADBE Vector Group","hd":false},{"ty":"gr","it":[{"ind":0,"ty":"sh","ix":1,"ks":{"a":0,"k":{"i":[[60.016,18.081],[-2.619,-0.604],[14.909,-64.575],[64.575,14.909],[2.537,0.764],[-14.303,61.956]],"o":[[2.616,0.425],[64.576,14.909],[-14.908,64.576],[-2.619,-0.604],[61.867,10.058],[14.304,-61.956]],"v":[[-23.509,-119.247],[-15.655,-117.704],[74.275,26.215],[-69.643,116.145],[-77.379,114.09],[58.685,22.616]],"c":true},"ix":2},"nm":"路径 1","mn":"ADBE Vector Shape - Group","hd":false},{"ty":"fl","c":{"a":0,"k":[1,0.666999966491,0.063000002094,1],"ix":4},"o":{"a":0,"k":100,"ix":5},"r":1,"nm":"填充 1","mn":"ADBE Vector Graphic - Fill","hd":false},{"ty":"tr","p":{"a":0,"k":[163.68,120.643],"ix":2},"a":{"a":0,"k":[0,0],"ix":1},"s":{"a":0,"k":[100,100],"ix":3},"r":{"a":0,"k":0,"ix":6},"o":{"a":0,"k":30,"ix":7},"sk":{"a":0,"k":0,"ix":4},"sa":{"a":0,"k":0,"ix":5},"nm":"变换"}],"nm":"组 5","np":2,"cix":2,"ix":5,"mn":"ADBE Vector Group","hd":false},{"ty":"gr","it":[{"ind":0,"ty":"sh","ix":1,"ks":{"a":0,"k":{"i":[[51.197,-36.161],[-2.089,1.691],[-41.708,-51.504],[51.505,-41.707],[2.164,-1.529],[40.016,49.415]],"o":[[1.946,-1.799],[51.505,-41.708],[41.708,51.505],[-2.089,1.693],[46.015,-42.559],[-40.016,-49.416]],"v":[[-100.787,-77.061],[-94.735,-82.299],[74.041,-64.561],[56.302,104.215],[49.92,109.046],[61.607,-54.491]],"c":true},"ix":2},"nm":"路径 1","mn":"ADBE Vector Shape - Group","hd":false},{"ty":"fl","c":{"a":0,"k":[1,0.666999966491,0.063000002094,1],"ix":4},"o":{"a":0,"k":100,"ix":5},"r":1,"nm":"填充 1","mn":"ADBE Vector Graphic - Fill","hd":false},{"ty":"tr","p":{"a":0,"k":[140.48,109.369],"ix":2},"a":{"a":0,"k":[0,0],"ix":1},"s":{"a":0,"k":[100,100],"ix":3},"r":{"a":0,"k":0,"ix":6},"o":{"a":0,"k":30,"ix":7},"sk":{"a":0,"k":0,"ix":4},"sa":{"a":0,"k":0,"ix":5},"nm":"变换"}],"nm":"组 6","np":2,"cix":2,"ix":6,"mn":"ADBE Vector Group","hd":false},{"ty":"gr","it":[{"ind":0,"ty":"sh","ix":1,"ks":{"a":0,"k":{"i":[[4.117,-62.544],[0,2.688],[-66.275,0],[0,-66.274],[0.174,-2.645],[63.586,0]],"o":[[-0.174,-2.645],[0,-66.274],[66.274,0],[0,2.688],[-4.116,-62.544],[-63.586,0]],"v":[[-119.738,64],[-120,56],[0,-64],[120,56],[119.737,64],[0,-48]],"c":true},"ix":2},"nm":"路径 1","mn":"ADBE Vector Shape - Group","hd":false},{"ty":"fl","c":{"a":0,"k":[1,0.666999966491,0.063000002094,1],"ix":4},"o":{"a":0,"k":100,"ix":5},"r":1,"nm":"填充 1","mn":"ADBE Vector Graphic - Fill","hd":false},{"ty":"tr","p":{"a":0,"k":[121,64],"ix":2},"a":{"a":0,"k":[0,0],"ix":1},"s":{"a":0,"k":[100,100],"ix":3},"r":{"a":0,"k":0,"ix":6},"o":{"a":0,"k":30,"ix":7},"sk":{"a":0,"k":0,"ix":4},"sa":{"a":0,"k":0,"ix":5},"nm":"变换"}],"nm":"组 7","np":2,"cix":2,"ix":7,"mn":"ADBE Vector Group","hd":false}],"ip":0,"op":270,"st":0,"bm":0}],"markers":[]}